-- MySQL dump 10.13  Distrib 5.7.12, for Win64 (x86_64)
--
-- Host: 127.0.0.1    Database: pydatabaseone
-- ------------------------------------------------------
-- Server version	5.7.14-log

/*!40101 SET @OLD_CHARACTER_SET_CLIENT=@@CHARACTER_SET_CLIENT */;
/*!40101 SET @OLD_CHARACTER_SET_RESULTS=@@CHARACTER_SET_RESULTS */;
/*!40101 SET @OLD_COLLATION_CONNECTION=@@COLLATION_CONNECTION */;
/*!40101 SET NAMES utf8 */;
/*!40103 SET @OLD_TIME_ZONE=@@TIME_ZONE */;
/*!40103 SET TIME_ZONE='+00:00' */;
/*!40014 SET @OLD_UNIQUE_CHECKS=@@UNIQUE_CHECKS, UNIQUE_CHECKS=0 */;
/*!40014 SET @OLD_FOREIGN_KEY_CHECKS=@@FOREIGN_KEY_CHECKS, FOREIGN_KEY_CHECKS=0 */;
/*!40101 SET @OLD_SQL_MODE=@@SQL_MODE, SQL_MODE='NO_AUTO_VALUE_ON_ZERO' */;
/*!40111 SET @OLD_SQL_NOTES=@@SQL_NOTES, SQL_NOTES=0 */;

--
-- Table structure for table `blogs`
--

DROP TABLE IF EXISTS `blogs`;
/*!40101 SET @saved_cs_client     = @@character_set_client */;
/*!40101 SET character_set_client = utf8 */;
CREATE TABLE `blogs` (
  `id` varchar(50) NOT NULL,
  `user_id` varchar(50) NOT NULL,
  `user_name` varchar(50) NOT NULL,
  `user_image` varchar(500) NOT NULL,
  `name` varchar(50) NOT NULL,
  `summary` varchar(200) NOT NULL,
  `content` mediumtext NOT NULL,
  `created_at` double NOT NULL,
  PRIMARY KEY (`id`),
  KEY `idx_created_at` (`created_at`)
) ENGINE=InnoDB DEFAULT CHARSET=utf8;
/*!40101 SET character_set_client = @saved_cs_client */;

--
-- Dumping data for table `blogs`
--

LOCK TABLES `blogs` WRITE;
/*!40000 ALTER TABLE `blogs` DISABLE KEYS */;
INSERT INTO `blogs` VALUES ('0014740343563783e1f25d15b234cb9b059b8c32329ff2a000','00147396634125779657f4dd9d9412689dd493eb231f0c1000','Luot','http://www.gravatar.com/avatar/1e569cd11d819cfd680d938d1fb1a21a?d=mm&s=120','afadf','afadfa','fafwe',1474034356.37871),('0014740365007362f2e6e8123a44bfeba5c0d705b0fe180000','00147396634125779657f4dd9d9412689dd493eb231f0c1000','Luot','http://www.gravatar.com/avatar/1e569cd11d819cfd680d938d1fb1a21a?d=mm&s=120','adsdsadas','sdfxf','vffgg',1474036500.73637),('0014740365520463f479c2c2e4e4a33b1fea9cf99464844000','00147396634125779657f4dd9d9412689dd493eb231f0c1000','Luot','http://www.gravatar.com/avatar/1e569cd11d819cfd680d938d1fb1a21a?d=mm&s=120','sfdgfghjk','esgxjgbjnk','fzgxdcvgbjn',1474036552.04604),('001474036636669e141945b1558473881fd8004cb68f249000','00147396634125779657f4dd9d9412689dd493eb231f0c1000','Luot','http://www.gravatar.com/avatar/1e569cd11d819cfd680d938d1fb1a21a?d=mm&s=120','流浪者的床','无法','与爱人合葬',1474036636.66967),('001474036855371ba1f864d65f54873b93e139335e638fb000','00147396634125779657f4dd9d9412689dd493eb231f0c1000','Luot','http://www.gravatar.com/avatar/1e569cd11d819cfd680d938d1fb1a21a?d=mm&s=120','死有一难','难','与二',1474036855.37142),('00147403718267911f4e64a70154618987d54cdba94af74000','00147396634125779657f4dd9d9412689dd493eb231f0c1000','Luot','http://www.gravatar.com/avatar/1e569cd11d819cfd680d938d1fb1a21a?d=mm&s=120','啊撒大','阿凡达啊','啊啊啊',1474037182.67826),('001474037224701e3eeb54cbdca4fd6830a0db8c0690351000','00147396634125779657f4dd9d9412689dd493eb231f0c1000','Luot','http://www.gravatar.com/avatar/1e569cd11d819cfd680d938d1fb1a21a?d=mm&s=120','啊发放','啊打发打发法','大啊旮都是v',1474037224.70174),('001474037307559b8f430d3619a4cd6bfb7d95b3a18956d000','00147396634125779657f4dd9d9412689dd493eb231f0c1000','Luot','http://www.gravatar.com/avatar/1e569cd11d819cfd680d938d1fb1a21a?d=mm&s=120','啊发的发放','打发打发','打发打发',1474037307.55859),('0014740375241683026f94f4e884d068121e393a843e6c2000','00147396634125779657f4dd9d9412689dd493eb231f0c1000','Luot','http://www.gravatar.com/avatar/1e569cd11d819cfd680d938d1fb1a21a?d=mm&s=120','短发','阿凡达发','打发',1474037524.16861),('0014740376268160b1df079344347b89a471bf9e222749a000','00147396634125779657f4dd9d9412689dd493eb231f0c1000','Luot','http://www.gravatar.com/avatar/1e569cd11d819cfd680d938d1fb1a21a?d=mm&s=120','发的发发发','额是人家','而退哦怕',1474037626.8169),('001474037674108909b3ea0e4554c55ab7a9a89eb4136a9000','00147396634125779657f4dd9d9412689dd493eb231f0c1000','Luot','http://www.gravatar.com/avatar/1e569cd11d819cfd680d938d1fb1a21a?d=mm&s=120','阿凡达发','打发法','打发',1474037674.10892),('001474037876665bc7effd36f874ecdabade05e5fef5016000','00147396634125779657f4dd9d9412689dd493eb231f0c1000','Luot','http://www.gravatar.com/avatar/1e569cd11d819cfd680d938d1fb1a21a?d=mm&s=120','的法国红酒看来','法国红酒看来；‘','微软太娱乐；',1474037876.66534),('001474037975780e0cb075fa5dd46449935ab19ec657328000','00147396634125779657f4dd9d9412689dd493eb231f0c1000','Luot','http://www.gravatar.com/avatar/1e569cd11d819cfd680d938d1fb1a21a?d=mm&s=120','是实打实','圣诞怪杰','围观回家看了；',1474037975.78098),('001474038029227c77fb7649b3b47e69ff46d85e5051076000','00147396634125779657f4dd9d9412689dd493eb231f0c1000','Luot','http://www.gravatar.com/avatar/1e569cd11d819cfd680d938d1fb1a21a?d=mm&s=120','2321','dvd发','啊实打实的',1474038029.22739),('0014740382553292cf44bde229d47d185d667311d1770d6000','00147396634125779657f4dd9d9412689dd493eb231f0c1000','Luot','http://www.gravatar.com/avatar/1e569cd11d819cfd680d938d1fb1a21a?d=mm&s=120','流浪者','发的','的发放',1474038255.32944),('001474038382240bf19b52a27b4452ea52ccc4cda999352000','00147396634125779657f4dd9d9412689dd493eb231f0c1000','Luot','http://www.gravatar.com/avatar/1e569cd11d819cfd680d938d1fb1a21a?d=mm&s=120','啊打发的','打发','啊打发法',1474038382.24071),('001474039189715acdfc862d3964aa98102926524befc93000','00147396634125779657f4dd9d9412689dd493eb231f0c1000','Luot','http://www.gravatar.com/avatar/1e569cd11d819cfd680d938d1fb1a21a?d=mm&s=120','是vxcbvbn','十点半','撒啊 撒啊',1474039189.71494),('001474039383011bf3488fb4f174b98865742a787e1a402000','00147396634125779657f4dd9d9412689dd493eb231f0c1000','Luot','http://www.gravatar.com/avatar/1e569cd11d819cfd680d938d1fb1a21a?d=mm&s=120','啊都发生','啊打发打发','啊打发法',1474039383.01181),('0014740506668729143056b38cd4a52a1df05d8997719e5000','00147396634125779657f4dd9d9412689dd493eb231f0c1000','Luot','http://www.gravatar.com/avatar/1e569cd11d819cfd680d938d1fb1a21a?d=mm&s=120','啊手动阀','啊啊啊','啊啊啊',1474050666.87135),('001474111358725d4bd48483e7248b5a669954b4432bf5e000','00147396634125779657f4dd9d9412689dd493eb231f0c1000','Luot','http://www.gravatar.com/avatar/1e569cd11d819cfd680d938d1fb1a21a?d=mm&s=120','第一次我','我第一次','测试此微博客',1474111358.72467),('001474270881150c40c71c0ce354e719c801f3c756cbaeb000','00147396634125779657f4dd9d9412689dd493eb231f0c1000','Luot','http://www.gravatar.com/avatar/1e569cd11d819cfd680d938d1fb1a21a?d=mm&s=120','添加新日志1.0','添加测试','测试网络错误405',1474270881.15024),('001474271802945746f0c697ed949fdb7ad05074c14e451000','00147396634125779657f4dd9d9412689dd493eb231f0c1000','Luot','http://www.gravatar.com/avatar/1e569cd11d819cfd680d938d1fb1a21a?d=mm&s=120','第一次我','我第一次','测试此微博客试试谔谔额',1474271802.9455),('0014742907863298d562039d72d4345812140ed91fd2049000','00147396634125779657f4dd9d9412689dd493eb231f0c1000','Luot','http://www.gravatar.com/avatar/1e569cd11d819cfd680d938d1fb1a21a?d=mm&s=120','人品','没有人品','某君昆仲，今隐其名，皆余昔日在中学时良友；分隔多年，消息渐阙。日前偶闻其一大病；适归故乡，迂道往访，则仅晤一人，言病者其弟也。劳君远道来视，然已早愈，赴某地  候补⑵矣。因大笑，出示日记二册，谓可见当日病状，不妨献诸旧友。持归阅一过，知所患  盖“迫害狂”之类。语颇错杂无伦次，又多荒唐之言；亦不著月日，惟墨色字体不一，知非  一时所书。间亦有略具联络者，今撮录一篇，以供医家研究。记中语误，一字不易；惟人名  虽皆村人，不为世间所知，无关大体，然亦悉易去。至于书名，则本人愈后所题，不复改也。七年四月二日识。\n　　一\n　　今天晚上，很好的月光。\n　　我不见他，已是三十多年；今天见了，精神分外爽快。才知道以前的三十多年，全是发\n　　昏；然而须十分小心。不然，那赵家的狗，何以看我两眼呢？\n　　我怕得有理。\n　　二\n　　今天全没月光，我知道不妙。早上小心出门，赵贵翁的眼色便怪：似乎怕我，似乎想害我。还有七八个人，交头接耳的议论我，张着嘴，对我笑了一笑；我便从头直冷到脚根，晓  得他们布置，都已妥当了。\n　　我可不怕，仍旧走我的路。前面一伙小孩子，也在那里议论我；眼色也同赵贵翁一样，脸色也铁青。我想我同小孩子有什么仇，他也这样。忍不住大声说，“你告诉我！”他们可  就跑了。\n　　我想：我同赵贵翁有什么仇，同路上的人又有什么仇；只有廿年以前，把古久先生的陈年流水簿子⑶，踹了一脚，古久先生很不高兴。赵贵翁虽然不认识他，一定也听到风声，代抱不平；约定路上的人，同我作冤对。但是小孩子呢？那时候，他们还没有出世，何以今天也睁着怪眼睛，似乎怕我，似乎想害我。这真教我怕，教我纳罕而且伤心。\n　　我明白了。这是他们娘老子教的！\n　　三\n　　晚上总是睡不着。凡事须得研究，才会明白。\n　　他们——也有给知县打枷过的，也有给绅士掌过嘴的，也有衙役占了他妻子的，也有老子娘被债主逼死的；他们那时候的脸色，全没有昨天这么怕，也没有这么凶。\n　　最奇怪的是昨天街上的那个女人，打他儿子，嘴里说道，“老子呀！我要咬你几口才出气！”他眼睛却看着我。我出了一惊，遮掩不住；那青面獠牙的一伙人，便都哄笑起来。陈  老五赶上前，硬把我拖回家中了。\n　　拖我回家，家里的人都装作不认识我；他们的脸色，也全同别人一样。进了书房，便反扣上门，宛然是关了一只鸡鸭。这一件事，越教我猜不出底细。\n　　前几天，狼子村的佃户来告荒，对我大哥说，他们村里的一个大恶人，给大家打死了；几个人便挖出他的心肝来，用油煎炒了吃，可以壮壮胆子。我插了一句嘴，佃户和大哥便都看我几眼。今天才晓得他们的眼光，全同外面的那伙人一模一样。\n　　想起来，我从顶上直冷到脚跟。\n　　他们会吃人，就未必不会吃我。\n　　你看那女人“咬你几口”的话，和一伙青面獠牙人的笑，和前天佃户的话，明明是暗号。我看出他话中全是毒，笑中全是刀。他们的牙齿，全是白厉厉的排着，这就是吃人的家伙。\n　　照我自己想，虽然不是恶人，自从踹了古家的簿子，可就难说了。他们似乎别有心思，我全猜不出。况且他们一翻脸，便说人是恶人。我还记得大哥教我做论，无论怎样好人，翻他几句，他便打上几个圈；原谅坏人几句，他便说“翻天妙手，与众不同”。我那里猜得到他们的心思，究竟怎样；况且是要吃的时候。\n　　凡事总须研究，才会明白。古来时常吃人，我也还记得，可是不甚清楚。我翻开历史一查，这历史没有年代，歪歪斜斜的每叶上都写着“仁义道德”几个字。我横竖睡不着，仔细看了半夜，才从字缝里看出字来，满本都写着两个字是“吃人”！\n　　书上写着这许多字，佃户说了这许多话，却都笑吟吟的睁着怪眼看我。\n　　我也是人，他们想要吃我了！\n　　四\n　　早上，我静坐了一会儿。陈老五送进饭来，一碗菜，一碗蒸鱼；这鱼的眼睛，白而且硬，张着嘴，同那一伙想吃人的人一样。吃了几筷，滑溜溜的不知是鱼是人，便把他兜肚连肠的吐出。\n　　我说“老五，对大哥说，我闷得慌，想到园里走走。”老五不答应，走了；停一会，可就来开了门。\n　　我也不动，研究他们如何摆布我；知道他们一定不肯放松。果然！我大哥引了一个老头子，慢慢走来；他满眼凶光，怕我看出，只是低头向着地，从眼镜横边暗暗看我。大哥说，“今天你仿佛很好。”我说“是的。”大哥说，“今天请何先生来，给你诊一诊。”我说“可以！”其实我岂不知道这老头子是刽子手扮的！无非借了看脉这名目，揣一揣肥瘠：因这功劳，也分一片肉吃。我也不怕；虽然不吃人，胆子却比他们还壮。伸出两个拳头，看他如何下手。老头子坐着，闭了眼睛，摸了好一会，呆了好一会；便张开他鬼眼睛说，“不要乱想。静静的养几天，就好了。”\n　　不要乱想，静静的养！养肥了，他们是自然可以多吃；我有什么好处，怎么会“好了”？他们这群人，又想吃人，又是鬼鬼祟祟，想法子遮掩，不敢直截下手，真要令我笑死。我忍不住，便放声大笑起来，十分快活。自己晓得这笑声里面，有的是义勇和正气。老头子和大哥，都失了色，被我这勇气正气镇压住了。\n　　但是我有勇气，他们便越想吃我，沾光一点这勇气。老头子跨出门，走不多远，便低声对大哥说道，“赶紧吃罢！”大哥点点头。原来也有你！这一件大发见，虽似意外，也在意中：合伙吃我的人，便是我的哥哥！\n　　吃人的是我哥哥！\n　　我是吃人的人的兄弟！\n　　我自己被人吃了，可仍然是吃人的人的兄弟！\n　　五\n　　这几天是退一步想：假使那老头子不是刽子手扮的，真是医生，也仍然是吃人的人。他们的祖师李时珍做的“本草什么”⑷上，明明写着人肉可以煎吃；他还能说自己不吃人么？\n　　至于我家大哥，也毫不冤枉他。他对我讲书的时候，亲口说过可以“易子而食”⑸；又一回偶然议论起一个不好的人，他便说不但该杀，还当“食肉寝皮”⑹。我那时年纪还小，心跳了好半天。前天狼子村佃户来说吃心肝的事，他也毫不奇怪，不住的点头。可见心思是同从前一样狠。既然可以“易子而食”，便什么都易得，什么人都吃得。我从前单听他讲道理，也胡涂过去；现在晓得他讲道理的时候，不但唇边还抹着人油，而且心里满装着吃人的意思。\n　　六\n　　黑漆漆的，不知是日是夜。赵家的狗又叫起来了。\n　　狮子似的凶心，兔子的怯弱，狐狸的狡猾，……\n　　七\n　　我晓得他们的方法，直捷杀了，是不肯的，而且也不敢，怕有祸祟。所以他们大家连络，布满了罗网，逼我自戕。试看前几天街上男女的样子，和这几天我大哥的作为，便足可悟出八九分了。最好是解下腰带，挂在梁上，自己紧紧勒死；他们没有杀人的罪名，又偿了心愿，自然都欢天喜地的发出一种呜呜咽咽的笑声。否则惊吓忧愁死了，虽则略瘦，也还可以首肯几下。\n　　他们是只会吃死肉的！——记得什么书上说，有一种东西，叫“海乙那”⑺的，眼光和样子都很难看；时常吃死肉，连极大的骨头，都细细嚼烂，咽下肚子去，想起来也教人害怕。“海乙那”是狼的亲眷，狼是狗的本家。前天赵家的狗，看我几眼，可见他也同谋，早已接洽。老头子眼看着地，岂能瞒得我过。\n　　最可怜的是我的大哥，他也是人，何以毫不害怕；而且合伙吃我呢？还是历来惯了，不以为非呢？还是丧了良心，明知故犯呢？\n　　我诅咒吃人的人，先从他起头；要劝转吃人的人，也先从他下手。\n　　八\n　　其实这种道理，到了现在，他们也该早已懂得，……\n　　忽然来了一个人；年纪不过二十左右，相貌是不很看得清楚，满面笑容，对了我点头，他的笑也不像真笑。我便问他，“吃人的事，对么？”他仍然笑着说，“不是荒年，怎么会吃人。”我立刻就晓得，他也是一伙，喜欢吃人的；便自勇气百倍，偏要问他。\n　　“对么？”\n　　“这等事问他什么。你真会……说笑话。……今天天气很好。”\n　　天气是好，月色也很亮了。可是我要问你，“对么？”\n　　他不以为然了。含含胡胡的答道，“不……”\n　　“不对？他们何以竟吃？！”\n　　“没有的事……”\n　　“没有的事？狼子村现吃；还有书上都写着，通红斩新！”\n　　他便变了脸，铁一般青。睁着眼说，“有许有的，这是从来如此……”\n　　“从来如此，便对么？”\n　　“我不同你讲这些道理；总之你不该说，你说便是你错！”\n　　我直跳起来，张开眼，这人便不见了。全身出了一大片汗。他的年纪，比我大哥小得远，居然也是一伙；这一定是他娘老子先教的。还怕已经教给他儿子了；所以连小孩子，也都恶狠狠的看我。\n　　九\n　　自己想吃人，又怕被别人吃了，都用着疑心极深的眼光，面面相觑。……\n　　去了这心思，放心做事走路吃饭睡觉，何等舒服。这只是一条门槛，一个关头。他们可是父子兄弟夫妇朋友师生仇敌和各不相识的人，都结成一伙，互相劝勉，互相牵掣，死也不肯跨过这一步。',1474290786.32964);
/*!40000 ALTER TABLE `blogs` ENABLE KEYS */;
UNLOCK TABLES;

--
-- Table structure for table `comments`
--

DROP TABLE IF EXISTS `comments`;
/*!40101 SET @saved_cs_client     = @@character_set_client */;
/*!40101 SET character_set_client = utf8 */;
CREATE TABLE `comments` (
  `id` varchar(50) NOT NULL,
  `blog_id` varchar(50) NOT NULL,
  `user_id` varchar(50) NOT NULL,
  `user_name` varchar(50) NOT NULL,
  `user_image` varchar(500) NOT NULL,
  `content` mediumtext NOT NULL,
  `created_at` double NOT NULL,
  PRIMARY KEY (`id`),
  KEY `idx_created_at` (`created_at`)
) ENGINE=InnoDB DEFAULT CHARSET=utf8;
/*!40101 SET character_set_client = @saved_cs_client */;

--
-- Dumping data for table `comments`
--

LOCK TABLES `comments` WRITE;
/*!40000 ALTER TABLE `comments` DISABLE KEYS */;
INSERT INTO `comments` VALUES ('00147428675294434984a7964c64e96a59788077263d8b7000','001474270881150c40c71c0ce354e719c801f3c756cbaeb000','00147396634125779657f4dd9d9412689dd493eb231f0c1000','Luot','http://www.gravatar.com/avatar/1e569cd11d819cfd680d938d1fb1a21a?d=mm&s=120','adada fabiao',1474286752.94427),('0014742877005175832f6206f264e82827fbaf215a10eab000','001474271802945746f0c697ed949fdb7ad05074c14e451000','00147396634125779657f4dd9d9412689dd493eb231f0c1000','Luot','http://www.gravatar.com/avatar/1e569cd11d819cfd680d938d1fb1a21a?d=mm&s=120','afaa',1474287700.51756),('0014742877844755c4c2b062639459199e3984301be4545000','001474111358725d4bd48483e7248b5a669954b4432bf5e000','00147396634125779657f4dd9d9412689dd493eb231f0c1000','Luot','http://www.gravatar.com/avatar/1e569cd11d819cfd680d938d1fb1a21a?d=mm&s=120','adfa',1474287784.4758),('001474287985028874bbb4ddde04fc1bf5b4e7127d7d649000','001474038029227c77fb7649b3b47e69ff46d85e5051076000','00147396634125779657f4dd9d9412689dd493eb231f0c1000','Luot','http://www.gravatar.com/avatar/1e569cd11d819cfd680d938d1fb1a21a?d=mm&s=120','dafaf',1474287985.02828),('001474288250851b12e01bf182142a2bb391a7fe6bb416d000','001474271802945746f0c697ed949fdb7ad05074c14e451000','00147396634125779657f4dd9d9412689dd493eb231f0c1000','Luot','http://www.gravatar.com/avatar/1e569cd11d819cfd680d938d1fb1a21a?d=mm&s=120','dafa',1474288250.85043),('001474288310529e2690a28397b4a368b7652451bfb7e68000','001474270881150c40c71c0ce354e719c801f3c756cbaeb000','001474288294699f637effb49984cefa6cc969a680cb1cf000','sf','http://www.gravatar.com/avatar/29145edd800f4739efea72514b084c63?d=mm&s=120','可以了么',1474288310.5282),('0014742893456570f0ada577d7f41d69a55e5867004ede7000','001474037307559b8f430d3619a4cd6bfb7d95b3a18956d000','00147396634125779657f4dd9d9412689dd493eb231f0c1000','Luot','http://www.gravatar.com/avatar/1e569cd11d819cfd680d938d1fb1a21a?d=mm&s=120','测试一发',1474289345.65789),('001474290838519a9794bace0ab42819fef11bc9282d99f000','0014742907863298d562039d72d4345812140ed91fd2049000','00147396634125779657f4dd9d9412689dd493eb231f0c1000','Luot','http://www.gravatar.com/avatar/1e569cd11d819cfd680d938d1fb1a21a?d=mm&s=120','很长很慢',1474290838.51906),('001474364786546476d524f807a4d949894b62665f6b786000','001474270881150c40c71c0ce354e719c801f3c756cbaeb000','00147396634125779657f4dd9d9412689dd493eb231f0c1000','Luot','http://www.gravatar.com/avatar/1e569cd11d819cfd680d938d1fb1a21a?d=mm&s=120','sdbfv',1474364786.5464);
/*!40000 ALTER TABLE `comments` ENABLE KEYS */;
UNLOCK TABLES;

--
-- Table structure for table `users`
--

DROP TABLE IF EXISTS `users`;
/*!40101 SET @saved_cs_client     = @@character_set_client */;
/*!40101 SET character_set_client = utf8 */;
CREATE TABLE `users` (
  `id` varchar(50) NOT NULL,
  `email` varchar(50) NOT NULL,
  `passwd` varchar(50) NOT NULL,
  `admin` tinyint(1) NOT NULL,
  `name` varchar(50) NOT NULL,
  `image` varchar(500) NOT NULL,
  `created_at` double NOT NULL,
  PRIMARY KEY (`id`),
  UNIQUE KEY `idx_email` (`email`),
  KEY `idx_created_at` (`created_at`)
) ENGINE=InnoDB DEFAULT CHARSET=utf8;
/*!40101 SET character_set_client = @saved_cs_client */;

--
-- Dumping data for table `users`
--

LOCK TABLES `users` WRITE;
/*!40000 ALTER TABLE `users` DISABLE KEYS */;
INSERT INTO `users` VALUES ('00147266055357669268f61580b4e819c4cb7bb7def0b87000','test@example.com','1234567890',0,'Test','about:blank',1472660553.56644),('001472660756916ebacbfbf45924f2cac799bdc541ee71e000','test2@example.com','12234567890',0,'Test2','about:blank',1472660756.91683),('0014739624730638054511a35e64e0c991efc3b5694ccf2000','some@qq.com','586192e174768b6f4a1381c125f5576ef3cdfa80',0,'admin','http://www.gravatar.com/avatar/9305e55050473a244b7e6d29ede787c0?d=mm&s=120',1473962473.06326),('0014739632027225b4315412ae8460fa6ea56c53243fe42000','uuz@qq.com','64dc178b4a074548db6e6a33e7d2777bc0b30068',0,'uuz','http://www.gravatar.com/avatar/64c552d620ba602570bd572fd02b0c05?d=mm&s=120',1473963202.72299),('00147396634125779657f4dd9d9412689dd493eb231f0c1000','someone@qq.com','5cf26a333be6676aafc3ee342183ebc2dd2117de',1,'Luot','http://www.gravatar.com/avatar/1e569cd11d819cfd680d938d1fb1a21a?d=mm&s=120',1473966341.25774),('00147396765436591dbf564b87c48aca871e96f265a4410000','sa@qq.com','19aba3c9417aa4ed5a99f5703eb5f5852dc7b0fd',0,'sa','http://www.gravatar.com/avatar/d14d8d5de01470f1a9ee44d78ceb4d59?d=mm&s=120',1473967654.36575),('001474011644464ace02ffecd0c4ef48c4726d21bda1cc4000','xeekseven@outlook.com','3083722f55a86a7e01d97318ac9c6407ffc0f159',0,'xeek','http://www.gravatar.com/avatar/f74ae57f798cf5a5359f61e48ca3e6cf?d=mm&s=120',1474011644.46403),('001474288294699f637effb49984cefa6cc969a680cb1cf000','sf@qq.com','95dc2ddbe2742370ddc6d716a2e707948a7a3ba1',0,'sf','http://www.gravatar.com/avatar/29145edd800f4739efea72514b084c63?d=mm&s=120',1474288294.70067);
/*!40000 ALTER TABLE `users` ENABLE KEYS */;
UNLOCK TABLES;
/*!40103 SET TIME_ZONE=@OLD_TIME_ZONE */;

/*!40101 SET SQL_MODE=@OLD_SQL_MODE */;
/*!40014 SET FOREIGN_KEY_CHECKS=@OLD_FOREIGN_KEY_CHECKS */;
/*!40014 SET UNIQUE_CHECKS=@OLD_UNIQUE_CHECKS */;
/*!40101 SET CHARACTER_SET_CLIENT=@OLD_CHARACTER_SET_CLIENT */;
/*!40101 SET CHARACTER_SET_RESULTS=@OLD_CHARACTER_SET_RESULTS */;
/*!40101 SET COLLATION_CONNECTION=@OLD_COLLATION_CONNECTION */;
/*!40111 SET SQL_NOTES=@OLD_SQL_NOTES */;

-- Dump completed on 2016-09-26 23:37:52
